738,Товар 738,Товар 738,Опис товару 738,Описание товара 738,p330738.jpg,330,,p330738,0,2024,В наявності,,,100.00,0.00,0.00,0.00,0.00,p330738,gal-tovar-738,2025-09-18 19:15:34,2025-09-18 19:15:34,1,p330738,100,1,1,7,1,0,1,1,0,0,2025-09-18 19:15:34,2025-09-18 19:15:34,2025-09-18 19:15:34,True
739,Товар 739,Товар 739,Опис товару 739,Описание товара 739,p330739.jpg,330,,p330739,0,2024,В наявності,,,100.00,0.00,0.00,0.00,0.00,p330739,gal-tovar-739,2025-09-18 19:15:34,2025-09-18 19:15:34,1,p330739,100,1,1,7,1,0,1,1,0,0,2025-09-18 19:15:34,2025-09-18 19:15:34,2025-09-18 19:15:34,True
740,Товар 740,Товар 740,Опис товару 740,Описание товара 740,p330740.jpg,330,,p330740,0,2024,В наявності,,,100.00,0.00,0.00,0.00,0.00,p330740,gal-tovar-740,2025-09-18 19:15:34,2025-09-18 19:15:34,1,p330740,100,1,1,7,1,0,1,1,0,0,2025-09-18 19:15:34,2025-09-18 19:15:34,2025-09-18 19:15:34,True
741,Товар 741,Товар 741,Опис товару 741,Описание товара 741,p330741.jpg,330,,p330741,0,2024,В наявності,,,100.00,0.00,0.00,0.00,0.00,p330741,gal-tovar-741,2025-09-18 19:15:34,2025-09-18 19:15:34,1,p330741,100,1,1,7,1,0,1,1,0,0,2025-09-18 19:15:34,2025-09-18 19:15:34,2025-09-18 19:15:34,True
742,Товар 742,Товар 742,Опис товару 742,Описание товара 742,p330742.jpg,330,,p330742,0,2024,В наявності,,,100.00,0.00,0.00,0.00,0.00,p330742,gal-tovar-742,2025-09-18 19:15:34,2025-09-18 19:15:34,1,p330742,100,1,1,7,1,0,1,1,0,0,2025-09-18 19:15:34,2025-09-18 19:15:34,2025-09-18 19:15:34,True
743,Товар 743,Товар 743,Опис товару 743,Описание товара 743,p330743.jpg,330,,p330743,0,2024,В наявності,,,100.00,0.00,0.00,0.00,0.00,p330743,gal-tovar-743,2025-09-18 19:15:34,2025-09-18 19:15:34,1,p330743,100,1,1,7,1,0,1,1,0,0,2025-09-18 19:15:34,2025-09-18 19:15:34,2025-09-18 19:15:34,True
744,Товар 744,Товар 744,Опис товару 744,Описание товара 744,p330744.jpg,330,,p330744,0,2024,В наявності,,,100.00,0.00,0.00,0.00,0.00,p330744,gal-tovar-744,2025-09-18 19:15:34,2025-09-18 19:15:34,1,p330744,100,1,1,7,1,0,1,1,0,0,2025-09-18 19:15:34,2025-09-18 19:15:34,2025-09-18 19:15:34,True
745,Товар 745,Товар 745,Опис товару 745,Описание товара 745,p330745.jpg,330,,p330745,0,2024,В наявності,,,100.00,0.00,0.00,0.00,0.00,p330745,gal-tovar-745,2025-09-18 19:15:34,2025-09-18 19:15:34,1,p330745,100,1,1,7,1,0,1,1,0,0,2025-09-18 19:15:34,2025-09-18 19:15:34,2025-09-18 19:15:34,True
746,Товар 746,Товар 746,Опис товару 746,Описание товара 746,p330746.jpg,330,,p330746,0,2024,В наявності,,,100.00,0.00,0.00,0.00,0.00,p330746,gal-tovar-746,2025-09-18 19:15:34,2025-09-18 19:15:34,1,p330746,100,1,1,7,1,0,1,1,0,0,2025-09-18 19:15:34,2025-09-18 19:15:34,2025-09-18 19:15:34,True
747,Товар 747,Товар 747,Опис товару 747,Описание товара 747,p330747.jpg,330,,p330747,0,2024,В наявності,,,100.00,0.00,0.00,0.00,0.00,p330747,gal-tovar-747,2025-09-18 19:15:34,2025-09-18 19:15:34,1,p330747,100,1,1,7,1,0,1,1,0,0,2025-09-18 19:15:34,2025-09-18 19:15:34,2025-09-18 19:15:34,True
748,Товар 748,Товар 748,Опис товару 748,Описание товара 748,p330748.jpg,330,,p330748,0,2024,В наявності,,,100.00,0.00,0.00,0.00,0.00,p330748,gal-tovar-748,2025-09-18 19:15:34,2025-09-18 19:15:34,1,p330748,100,1,1,7,1,0,1,1,0,0,2025-09-18 19:15:34,2025-09-18 19:15:34,2025-09-18 19:15:34,True
749,Товар 749,Товар 749,Опис товару 749,Описание товара 749,p330749.jpg,330,,p330749,0,2024,В наявності,,,100.00,0.00,0.00,0.00,0.00,p330749,gal-tovar-749,2025-09-18 19:15:34,2025-09-18 19:15:34,1,p330749,100,1,1,7,1,0,1,1,0,0,2025-09-18 19:15:34,2025-09-18 19:15:34,2025-09-18 19:15:34,True
750,Товар 750,Товар 750,Опис товару 750,Описание товара 750,p330750.jpg,330,,p330750,0,2024,В наявності,,,100.00,0.00,0.00,0.00,0.00,p330750,gal-tovar-750,2025-09-18 19:15:34,2025-09-18 19:15:34,1,p330750,100,1,1,7,1,0,1,1,0,0,2025-09-18 19:15:34,2025-09-18 19:15:34,2025-09-18 19:15:34,True
751,Товар 751,Товар 751,Опис товару 751,Описание товара 751,p330751.jpg,330,,p330751,0,2024,В наявності,,,100.00,0.00,0.00,0.00,0.00,p330751,gal-tovar-751,2025-09-18 19:15:34,2025-09-18 19:15:34,1,p330751,100,1,1,7,1,0,1,1,0,0,2025-09-18 19:15:34,2025-09-18 19:15:34,2025-09-18 19:15:34,True
752,Товар 752,Товар 752,Опис товару 752,Описание товара 752,p330752.jpg,330,,p330752,0,2024,В наявності,,,100.00,0.00,0.00,0.00,0.00,p330752,gal-tovar-752,2025-09-18 19:15:34,2025-09-18 19:15:34,1,p330752,100,1,1,7,1,0,1,1,0,0,2025-09-18 19:15:34,2025-09-18 19:15:34,2025-09-18 19:15:34,True
753,Товар 753,Товар 753,Опис товару 753,Описание товара 753,p330753.jpg,330,,p330753,0,2024,В наявності,,,100.00,0.00,0.00,0.00,0.00,p330753,gal-tovar-753,2025-09-18 19:15:34,2025-09-18 19:15:34,1,p330753,100,1,1,7,1,0,1,1,0,0,2025-09-18 19:15:34,2025-09-18 19:15:34,2025-09-18 19:15:34,True
754,Товар 754,Товар 754,Опис товару 754,Описание товара 754,p330754.jpg,330,,p330754,0,2024,В наявності,,,100.00,0.00,0.00,0.00,0.00,p330754,gal-tovar-754,2025-09-18 19:15:34,2025-09-18 19:15:34,1,p330754,100,1,1,7,1,0,1,1,0,0,2025-09-18 19:15:34,2025-09-18 19:15:34,2025-09-18 19:15:34,True
755,Товар 755,Товар 755,Опис товару 755,Описание товара 755,p330755.jpg,330,,p330755,0,2024,В наявності,,,100.00,0.00,0.00,0.00,0.00,p330755,gal-tovar-755,2025-09-18 19:15:34,2025-09-18 19:15:34,1,p330755,100,1,1,7,1,0,1,1,0,0,2025-09-18 19:15:34,2025-09-18 19:15:34,2025-09-18 19:15:34,True
756,Товар 756,Товар 756,Опис товару 756,Описание товара 756,p330756.jpg,330,,p330756,0,2024,В наявності,,,100.00,0.00,0.00,0.00,0.00,p330756,gal-tovar-756,2025-09-18 19:15:34,2025-09-18 19:15:34,1,p330756,100,1,1,7,1,0,1,1,0,0,2025-09-18 19:15:34,2025-09-18 19:15:34,2025-09-18 19:15:34,True
757,Товар 757,Товар 757,Опис товару 757,Описание товара 757,p330757.jpg,330,,p330757,0,2024,В наявності,,,100.00,0.00,0.00,0.00,0.00,p330757,gal-tovar-757,2025-09-18 19:15:34,2025-09-18 19:15:34,1,p330757,100,1,1,7,1,0,1,1,0,0,2025-09-18 19:15:34,2025-09-18 19:15:34,2025-09-18 19:15:34,True
758,Товар 758,Товар 758,Опис товару 758,Описание товара 758,p330758.jpg,330,,p330758,0,2024,В наявності,,,100.00,0.00,0.00,0.00,0.00,p330758,gal-tovar-758,2025-09-18 19:15:34,2025-09-18 19:15:34,1,p330758,100,1,1,7,1,0,1,1,0,0,2025-09-18 19:15:34,2025-09-18 19:15:34,2025-09-18 19:15:34,True
759,Товар 759,Товар 759,Опис товару 759,Описание товара 759,p330759.jpg,330,,p330759,0,2024,В наявності,,,100.00,0.00,0.00,0.00,0.00,p330759,gal-tovar-759,2025-09-18 19:15:34,2025-09-18 19:15:34,1,p330759,100,1,1,7,1,0,1,1,0,0,2025-09-18 19:15:34,2025-09-18 19:15:34,2025-09-18 19:15:34,True
760,Товар 760,Товар 760,Опис товару 760,Описание товара 760,p330760.jpg,330,,p330760,0,2024,В наявності,,,100.00,0.00,0.00,0.00,0.00,p330760,gal-tovar-760,2025-09-18 19:15:34,2025-09-18 19:15:34,1,p330760,100,1,1,7,1,0,1,1,0,0,2025-09-18 19:15:34,2025-09-18 19:15:34,2025-09-18 19:15:34,True
761,Товар 761,Товар 761,Опис товару 761,Описание товара 761,p330761.jpg,330,,p330761,0,2024,В наявності,,,100.00,0.00,0.00,0.00,0.00,p330761,gal-tovar-761,2025-09-18 19:15:34,2025-09-18 19:15:34,1,p330761,100,1,1,7,1,0,1,1,0,0,2025-09-18 19:15:34,2025-09-18 19:15:34,2025-09-18 19:15:34,True
762,Товар 762,Товар 762,Опис товару 762,Описание товара 762,p330762.jpg,330,,p330762,0,2024,В наявності,,,100.00,0.00,0.00,0.00,0.00,p330762,gal-tovar-762,2025-09-18 19:15:34,2025-09-18 19:15:34,1,p330762,100,1,1,7,1,0,1,1,0,0,2025-09-18 19:15:34,2025-09-18 19:15:34,2025-09-18 19:15:34,True
763,Товар 763,Товар 763,Опис товару 763,Описание товара 763,p330763.jpg,330,,p330763,0,2024,В наявності,,,100.00,0.00,0.00,0.00,0.00,p330763,gal-tovar-763,2025-09-18 19:15:34,2025-09-18 19:15:34,1,p330763,100,1,1,7,1,0,1,1,0,0,2025-09-18 19:15:34,2025-09-18 19:15:34,2025-09-18 19:15:34,True
764,Товар 764,Товар 764,Опис товару 764,Описание товара 764,p330764.jpg,330,,p330764,0,2024,В наявності,,,100.00,0.00,0.00,0.00,0.00,p330764,gal-tovar-764,2025-09-18 19:15:34,2025-09-18 19:15:34,1,p330764,100,1,1,7,1,0,1,1,0,0,2025-09-18 19:15:34,2025-09-18 19:15:34,2025-09-18 19:15:34,True
765,Товар 765,Товар 765,Опис товару 765,Описание товара 765,p330765.jpg,330,,p330765,0,2024,В наявності,,,100.00,0.00,0.00,0.00,0.00,p330765,gal-tovar-765,2025-09-18 19:15:34,2025-09-18 19:15:34,1,p330765,100,1,1,7,1,0,1,1,0,0,2025-09-18 19:15:34,2025-09-18 19:15:34,2025-09-18 19:15:34,True
766,Товар 766,Товар 766,Опис товару 766,Описание товара 766,p330766.jpg,330,,p330766,0,2024,В наявності,,,100.00,0.00,0.00,0.00,0.00,p330766,gal-tovar-766,2025-09-18 19:15:34,2025-09-18 19:15:34,1,p330766,100,1,1,7,1,0,1,1,0,0,2025-09-18 19:15:34,2025-09-18 19:15:34,2025-09-18 19:15:34,True
767,Товар 767,Товар 767,Опис товару 767,Описание товара 767,p330767.jpg,330,,p330767,0,2024,В наявності,,,100.00,0.00,0.00,0.00,0.00,p330767,gal-tovar-767,2025-09-18 19:15:34,2025-09-18 19:15:34,1,p330767,100,1,1,7,1,0,1,1,0,0,2025-09-18 19:15:34,2025-09-18 19:15:34,2025-09-18 19:15:34,True
768,Товар 768,Товар 768,Опис товару 768,Описание товара 768,p330768.jpg,330,,p330768,0,2024,В наявності,,,100.00,0.00,0.00,0.00,0.00,p330768,gal-tovar-768,2025-09-18 19:15:34,2025-09-18 19:15:34,1,p330768,100,1,1,7,1,0,1,1,0,0,2025-09-18 19:15:34,2025-09-18 19:15:34,2025-09-18 19:15:34,True
769,Товар 769,Товар 769,Опис товару 769,Описание товара 769,p330769.jpg,330,,p330769,0,2024,В наявності,,,100.00,0.00,0.00,0.00,0.00,p330769,gal-tovar-769,2025-09-18 19:15:34,2025-09-18 19:15:34,1,p330769,100,1,1,7,1,0,1,1,0,0,2025-09-18 19:15:34,2025-09-18 19:15:34,2025-09-18 19:15:34,True
770,Товар 770,Товар 770,Опис товару 770,Описание товара 770,p330770.jpg,330,,p330770,0,2024,В наявності,,,100.00,0.00,0.00,0.00,0.00,p330770,gal-tovar-770,2025-09-18 19:15:34,2025-09-18 19:15:34,1,p330770,100,1,1,7,1,0,1,1,0,0,2025-09-18 19:15:34,2025-09-18 19:15:34,2025-09-18 19:15:34,True
771,Товар 771,Товар 771,Опис товару 771,Описание товара 771,p330771.jpg,330,,p330771,0,2024,В наявності,,,100.00,0.00,0.00,0.00,0.00,p330771,gal-tovar-771,2025-09-18 19:15:34,2025-09-18 19:15:34,1,p330771,100,1,1,7,1,0,1,1,0,0,2025-09-18 19:15:34,2025-09-18 19:15:34,2025-09-18 19:15:34,True
772,Товар 772,Товар 772,Опис товару 772,Описание товара 772,p330772.jpg,330,,p330772,0,2024,В наявності,,,100.00,0.00,0.00,0.00,0.00,p330772,gal-tovar-772,2025-09-18 19:15:34,2025-09-18 19:15:34,1,p330772,100,1,1,7,1,0,1,1,0,0,2025-09-18 19:15:34,2025-09-18 19:15:34,2025-09-18 19:15:34,True
773,Товар 773,Товар 773,Опис товару 773,Описание товара 773,p330773.jpg,330,,p330773,0,2024,В наявності,,,100.00,0.00,0.00,0.00,0.00,p330773,gal-tovar-773,2025-09-18 19:15:34,2025-09-18 19:15:34,1,p330773,100,1,1,7,1,0,1,1,0,0,2025-09-18 19:15:34,2025-09-18 19:15:34,2025-09-18 19:15:34,True
774,Товар 774,Товар 774,Опис товару 774,Описание товара 774,p330774.jpg,330,,p330774,0,2024,В наявності,,,100.00,0.00,0.00,0.00,0.00,p330774,gal-tovar-774,2025-09-18 19:15:34,2025-09-18 19:15:34,1,p330774,100,1,1,7,1,0,1,1,0,0,2025-09-18 19:15:34,2025-09-18 19:15:34,2025-09-18 19:15:34,True
775,Товар 775,Товар 775,Опис товару 775,Описание товара 775,p330775.jpg,330,,p330775,0,2024,В наявності,,,100.00,0.00,0.00,0.00,0.00,p330775,gal-tovar-775,2025-09-18 19:15:34,2025-09-18 19:15:34,1,p330775,100,1,1,7,1,0,1,1,0,0,2025-09-18 19:15:34,2025-09-18 19:15:34,2025-09-18 19:15:34,True
776,Товар 776,Товар 776,Опис товару 776,Описание товара 776,p330776.jpg,330,,p330776,0,2024,В наявності,,,100.00,0.00,0.00,0.00,0.00,p330776,gal-tovar-776,2025-09-18 19:15:34,2025-09-18 19:15:34,1,p330776,100,1,1,7,1,0,1,1,0,0,2025-09-18 19:15:34,2025-09-18 19:15:34,2025-09-18 19:15:34,True
777,Товар 777,Товар 777,Опис товару 777,Описание товара 777,p330777.jpg,330,,p330777,0,2024,В наявності,,,100.00,0.00,0.00,0.00,0.00,p330777,gal-tovar-777,2025-09-18 19:15:34,2025-09-18 19:15:34,1,p330777,100,1,1,7,1,0,1,1,0,0,2025-09-18 19:15:34,2025-09-18 19:15:34,2025-09-18 19:15:34,True
778,Товар 778,Товар 778,Опис товару 778,Описание товара 778,p330778.jpg,330,,p330778,0,2024,В наявності,,,100.00,0.00,0.00,0.00,0.00,p330778,gal-tovar-778,2025-09-18 19:15:34,2025-09-18 19:15:34,1,p330778,100,1,1,7,1,0,1,1,0,0,2025-09-18 19:15:34,2025-09-18 19:15:34,2025-09-18 19:15:34,True
779,Товар 779,Товар 779,Опис товару 779,Описание товара 779,p330779.jpg,330,,p330779,0,2024,В наявності,,,100.00,0.00,0.00,0.00,0.00,p330779,gal-tovar-779,2025-09-18 19:15:34,2025-09-18 19:15:34,1,p330779,100,1,1,7,1,0,1,1,0,0,2025-09-18 19:15:34,2025-09-18 19:15:34,2025-09-18 19:15:34,True
780,Товар 780,Товар 780,Опис товару 780,Описание товара 780,p330780.jpg,330,,p330780,0,2024,В наявності,,,100.00,0.00,0.00,0.00,0.00,p330780,gal-tovar-780,2025-09-18 19:15:34,2025-09-18 19:15:34,1,p330780,100,1,1,7,1,0,1,1,0,0,2025-09-18 19:15:34,2025-09-18 19:15:34,2025-09-18 19:15:34,True
781,Товар 781,Товар 781,Опис товару 781,Описание товара 781,p330781.jpg,330,,p330781,0,2024,В наявності,,,100.00,0.00,0.00,0.00,0.00,p330781,gal-tovar-781,2025-09-18 19:15:34,2025-09-18 19:15:34,1,p330781,100,1,1,7,1,0,1,1,0,0,2025-09-18 19:15:34,2025-09-18 19:15:34,2025-09-18 19:15:34,True
782,Товар 782,Товар 782,Опис товару 782,Описание товара 782,p330782.jpg,330,,p330782,0,2024,В наявності,,,100.00,0.00,0.00,0.00,0.00,p330782,gal-tovar-782,2025-09-18 19:15:34,2025-09-18 19:15:34,1,p330782,100,1,1,7,1,0,1,1,0,0,2025-09-18 19:15:34,2025-09-18 19:15:34,2025-09-18 19:15:34,True
783,Товар 783,Товар 783,Опис товару 783,Описание товара 783,p330783.jpg,330,,p330783,0,2024,В наявності,,,100.00,0.00,0.00,0.00,0.00,p330783,gal-tovar-783,2025-09-18 19:15:34,2025-09-18 19:15:34,1,p330783,100,1,1,7,1,0,1,1,0,0,2025-09-18 19:15:34,2025-09-18 19:15:34,2025-09-18 19:15:34,True
784,Товар 784,Товар 784,Опис товару 784,Описание товара 784,p330784.jpg,330,,p330784,0,2024,В наявності,,,100.00,0.00,0.00,0.00,0.00,p330784,gal-tovar-784,2025-09-18 19:15:34,2025-09-18 19:15:34,1,p330784,100,1,1,7,1,0,1,1,0,0,2025-09-18 19:15:34,2025-09-18 19:15:34,2025-09-18 19:15:34,True
785,Товар 785,Товар 785,Опис товару 785,Описание товара 785,p330785.jpg,330,,p330785,0,2024,В наявності,,,100.00,0.00,0.00,0.00,0.00,p330785,gal-tovar-785,2025-09-18 19:15:34,2025-09-18 19:15:34,1,p330785,100,1,1,7,1,0,1,1,0,0,2025-09-18 19:15:34,2025-09-18 19:15:34,2025-09-18 19:15:34,True
786,Товар 786,Товар 786,Опис товару 786,Описание товара 786,p330786.jpg,330,,p330786,0,2024,В наявності,,,100.00,0.00,0.00,0.00,0.00,p330786,gal-tovar-786,2025-09-18 19:15:34,2025-09-18 19:15:34,1,p330786,100,1,1,7,1,0,1,1,0,0,2025-09-18 19:15:34,2025-09-18 19:15:34,2025-09-18 19:15:34,True
787,Товар 787,Товар 787,Опис товару 787,Описание товара 787,p330787.jpg,330,,p330787,0,2024,В наявності,,,100.00,0.00,0.00,0.00,0.00,p330787,gal-tovar-787,2025-09-18 19:15:34,2025-09-18 19:15:34,1,p330787,100,1,1,7,1,0,1,1,0,0,2025-09-18 19:15:34,2025-09-18 19:15:34,2025-09-18 19:15:34,True
788,Товар 788,Товар 788,Опис товару 788,Описание товара 788,p330788.jpg,330,,p330788,0,2024,В наявності,,,100.00,0.00,0.00,0.00,0.00,p330788,gal-tovar-788,2025-09-18 19:15:34,2025-09-18 19:15:34,1,p330788,100,1,1,7,1,0,1,1,0,0,2025-09-18 19:15:34,2025-09-18 19:15:34,2025-09-18 19:15:34,True
789,Товар 789,Товар 789,Опис товару 789,Описание товара 789,p330789.jpg,330,,p330789,0,2024,В наявності,,,100.00,0.00,0.00,0.00,0.00,p330789,gal-tovar-789,2025-09-18 19:15:34,2025-09-18 19:15:34,1,p330789,100,1,1,7,1,0,1,1,0,0,2025-09-18 19:15:34,2025-09-18 19:15:34,2025-09-18 19:15:34,True
790,Товар 790,Товар 790,Опис товару 790,Описание товара 790,p330790.jpg,330,,p330790,0,2024,В наявності,,,100.00,0.00,0.00,0.00,0.00,p330790,gal-tovar-790,2025-09-18 19:15:34,2025-09-18 19:15:34,1,p330790,100,1,1,7,1,0,1,1,0,0,2025-09-18 19:15:34,2025-09-18 19:15:34,2025-09-18 19:15:34,True
791,Товар 791,Товар 791,Опис товару 791,Описание товара 791,p330791.jpg,330,,p330791,0,2024,В наявності,,,100.00,0.00,0.00,0.00,0.00,p330791,gal-tovar-791,2025-09-18 19:15:34,2025-09-18 19:15:34,1,p330791,100,1,1,7,1,0,1,1,0,0,2025-09-18 19:15:34,2025-09-18 19:15:34,2025-09-18 19:15:34,True
792,Товар 792,Товар 792,Опис товару 792,Описание товара 792,p330792.jpg,330,,p330792,0,2024,В наявності,,,100.00,0.00,0.00,0.00,0.00,p330792,gal-tovar-792,2025-09-18 19:15:34,2025-09-18 19:15:34,1,p330792,100,1,1,7,1,0,1,1,0,0,2025-09-18 19:15:34,2025-09-18 19:15:34,2025-09-18 19:15:34,True
793,Товар 793,Товар 793,Опис товару 793,Описание товара 793,p330793.jpg,330,,p330793,0,2024,В наявності,,,100.00,0.00,0.00,0.00,0.00,p330793,gal-tovar-793,2025-09-18 19:15:34,2025-09-18 19:15:34,1,p330793,100,1,1,7,1,0,1,1,0,0,2025-09-18 19:15:34,2025-09-18 19:15:34,2025-09-18 19:15:34,True
794,Товар 794,Товар 794,Опис товару 794,Описание товара 794,p330794.jpg,330,,p330794,0,2024,В наявності,,,100.00,0.00,0.00,0.00,0.00,p330794,gal-tovar-794,2025-09-18 19:15:34,2025-09-18 19:15:34,1,p330794,100,1,1,7,1,0,1,1,0,0,2025-09-18 19:15:34,2025-09-18 19:15:34,2025-09-18 19:15:34,True
795,Товар 795,Товар 795,Опис товару 795,Описание товара 795,p330795.jpg,330,,p330795,0,2024,В наявності,,,100.00,0.00,0.00,0.00,0.00,p330795,gal-tovar-795,2025-09-18 19:15:34,2025-09-18 19:15:34,1,p330795,100,1,1,7,1,0,1,1,0,0,2025-09-18 19:15:34,2025-09-18 19:15:34,2025-09-18 19:15:34,True
796,Товар 796,Товар 796,Опис товару 796,Описание товара 796,p330796.jpg,330,,p330796,0,2024,В наявності,,,100.00,0.00,0.00,0.00,0.00,p330796,gal-tovar-796,2025-09-18 19:15:34,2025-09-18 19:15:34,1,p330796,100,1,1,7,1,0,1,1,0,0,2025-09-18 19:15:34,2025-09-18 19:15:34,2025-09-18 19:15:34,True
797,Товар 797,Товар 797,Опис товару 797,Описание товара 797,p330797.jpg,330,,p330797,0,2024,В наявності,,,100.00,0.00,0.00,0.00,0.00,p330797,gal-tovar-797,2025-09-18 19:15:34,2025-09-18 19:15:34,1,p330797,100,1,1,7,1,0,1,1,0,0,2025-09-18 19:15:34,2025-09-18 19:15:34,2025-09-18 19:15:34,True
798,Товар 798,Товар 798,Опис товару 798,Описание товара 798,p330798.jpg,330,,p330798,0,2024,В наявності,,,100.00,0.00,0.00,0.00,0.00,p330798,gal-tovar-798,2025-09-18 19:15:34,2025-09-18 19:15:34,1,p330798,100,1,1,7,1,0,1,1,0,0,2025-09-18 19:15:34,2025-09-18 19:15:34,2025-09-18 19:15:34,True
799,Товар 799,Товар 799,Опис товару 799,Описание товара 799,p330799.jpg,330,,p330799,0,2024,В наявності,,,100.00,0.00,0.00,0.00,0.00,p330799,gal-tovar-799,2025-09-18 19:15:34,2025-09-18 19:15:34,1,p330799,100,1,1,7,1,0,1,1,0,0,2025-09-18 19:15:34,2025-09-18 19:15:34,2025-09-18 19:15:34,True
800,Товар 800,Товар 800,Опис товару 800,Описание товара 800,p330800.jpg,330,,p330800,0,2024,В наявності,,,100.00,0.00,0.00,0.00,0.00,p330800,gal-tovar-800,2025-09-18 19:15:34,2025-09-18 19:15:34,1,p330800,100,1,1,7,1,0,1,1,0,0,2025-09-18 19:15:34,2025-09-18 19:15:34,2025-09-18 19:15:34,True
801,Товар 801,Товар 801,Опис товару 801,Описание товара 801,p330801.jpg,330,,p330801,0,2024,В наявності,,,100.00,0.00,0.00,0.00,0.00,p330801,gal-tovar-801,2025-09-18 19:15:34,2025-09-18 19:15:34,1,p330801,100,1,1,7,1,0,1,1,0,0,2025-09-18 19:15:34,2025-09-18 19:15:34,2025-09-18 19:15:34,True
802,Товар 802,Товар 802,Опис товару 802,Описание товара 802,p330802.jpg,330,,p330802,0,2024,В наявності,,,100.00,0.00,0.00,0.00,0.00,p330802,gal-tovar-802,2025-09-18 19:15:34,2025-09-18 19:15:34,1,p330802,100,1,1,7,1,0,1,1,0,0,2025-09-18 19:15:34,2025-09-18 19:15:34,2025-09-18 19:15:34,True
803,Товар 803,Товар 803,Опис товару 803,Описание товара 803,p330803.jpg,330,,p330803,0,2024,В наявності,,,100.00,0.00,0.00,0.00,0.00,p330803,gal-tovar-803,2025-09-18 19:15:34,2025-09-18 19:15:34,1,p330803,100,1,1,7,1,0,1,1,0,0,2025-09-18 19:15:34,2025-09-18 19:15:34,2025-09-18 19:15:34,True
804,Товар 804,Товар 804,Опис товару 804,Описание товара 804,p330804.jpg,330,,p330804,0,2024,В наявності,,,100.00,0.00,0.00,0.00,0.00,p330804,gal-tovar-804,2025-09-18 19:15:34,2025-09-18 19:15:34,1,p330804,100,1,1,7,1,0,1,1,0,0,2025-09-18 19:15:34,2025-09-18 19:15:34,2025-09-18 19:15:34,True
805,Товар 805,Товар 805,Опис товару 805,Описание товара 805,p330805.jpg,330,,p330805,0,2024,В наявності,,,100.00,0.00,0.00,0.00,0.00,p330805,gal-tovar-805,2025-09-18 19:15:34,2025-09-18 19:15:34,1,p330805,100,1,1,7,1,0,1,1,0,0,2025-09-18 19:15:34,2025-09-18 19:15:34,2025-09-18 19:15:34,True
806,Товар 806,Товар 806,Опис товару 806,Описание товара 806,p330806.jpg,330,,p330806,0,2024,В наявності,,,100.00,0.00,0.00,0.00,0.00,p330806,gal-tovar-806,2025-09-18 19:15:34,2025-09-18 19:15:34,1,p330806,100,1,1,7,1,0,1,1,0,0,2025-09-18 19:15:34,2025-09-18 19:15:34,2025-09-18 19:15:34,True
807,Товар 807,Товар 807,Опис товару 807,Описание товара 807,p330807.jpg,330,,p330807,0,2024,В наявності,,,100.00,0.00,0.00,0.00,0.00,p330807,gal-tovar-807,2025-09-18 19:15:34,2025-09-18 19:15:34,1,p330807,100,1,1,7,1,0,1,1,0,0,2025-09-18 19:15:34,2025-09-18 19:15:34,2025-09-18 19:15:34,True
808,Товар 808,Товар 808,Опис товару 808,Описание товара 808,p330808.jpg,330,,p330808,0,2024,В наявності,,,100.00,0.00,0.00,0.00,0.00,p330808,gal-tovar-808,2025-09-18 19:15:34,2025-09-18 19:15:34,1,p330808,100,1,1,7,1,0,1,1,0,0,2025-09-18 19:15:34,2025-09-18 19:15:34,2025-09-18 19:15:34,True
809,Товар 809,Товар 809,Опис товару 809,Описание товара 809,p330809.jpg,330,,p330809,0,2024,В наявності,,,100.00,0.00,0.00,0.00,0.00,p330809,gal-tovar-809,2025-09-18 19:15:34,2025-09-18 19:15:34,1,p330809,100,1,1,7,1,0,1,1,0,0,2025-09-18 19:15:34,2025-09-18 19:15:34,2025-09-18 19:15:34,True
810,Товар 810,Товар 810,Опис товару 810,Описание товара 810,p330810.jpg,330,,p330810,0,2024,В наявності,,,100.00,0.00,0.00,0.00,0.00,p330810,gal-tovar-810,2025-09-18 19:15:34,2025-09-18 19:15:34,1,p330810,100,1,1,7,1,0,1,1,0,0,2025-09-18 19:15:34,2025-09-18 19:15:34,2025-09-18 19:15:34,True
811,Товар 811,Товар 811,Опис товару 811,Описание товара 811,p330811.jpg,330,,p330811,0,2024,В наявності,,,100.00,0.00,0.00,0.00,0.00,p330811,gal-tovar-811,2025-09-18 19:15:34,2025-09-18 19:15:34,1,p330811,100,1,1,7,1,0,1,1,0,0,2025-09-18 19:15:34,2025-09-18 19:15:34,2025-09-18 19:15:34,True
812,Товар 812,Товар 812,Опис товару 812,Описание товара 812,p330812.jpg,330,,p330812,0,2024,В наявності,,,100.00,0.00,0.00,0.00,0.00,p330812,gal-tovar-812,2025-09-18 19:15:34,2025-09-18 19:15:34,1,p330812,100,1,1,7,1,0,1,1,0,0,2025-09-18 19:15:34,2025-09-18 19:15:34,2025-09-18 19:15:34,True
813,Товар 813,Товар 813,Опис товару 813,Описание товара 813,p330813.jpg,330,,p330813,0,2024,В наявності,,,100.00,0.00,0.00,0.00,0.00,p330813,gal-tovar-813,2025-09-18 19:15:34,2025-09-18 19:15:34,1,p330813,100,1,1,7,1,0,1,1,0,0,2025-09-18 19:15:34,2025-09-18 19:15:34,2025-09-18 19:15:34,True
814,Товар 814,Товар 814,Опис товару 814,Описание товара 814,p330814.jpg,330,,p330814,0,2024,В наявності,,,100.00,0.00,0.00,0.00,0.00,p330814,gal-tovar-814,2025-09-18 19:15:34,2025-09-18 19:15:34,1,p330814,100,1,1,7,1,0,1,1,0,0,2025-09-18 19:15:34,2025-09-18 19:15:34,2025-09-18 19:15:34,True
815,Товар 815,Товар 815,Опис товару 815,Описание товара 815,p330815.jpg,330,,p330815,0,2024,В наявності,,,100.00,0.00,0.00,0.00,0.00,p330815,gal-tovar-815,2025-09-18 19:15:34,2025-09-18 19:15:34,1,p330815,100,1,1,7,1,0,1,1,0,0,2025-09-18 19:15:34,2025-09-18 19:15:34,2025-09-18 19:15:34,True
